timestamp,type,threat
1743365536.7026446,login_failure,0
1743365536.7039034,unauthorized_access,1
1743365536.704982,unauthorized_access,1
1743365536.7060466,file_modified,1
1743365536.7071102,file_modified,1
1743365536.708169,file_modified,1
1743365536.7092326,unauthorized_access,1
1743365536.7102997,file_modified,1
1743365536.7113736,file_modified,1
1743365536.7124796,file_modified,1
1743365536.7136183,file_modified,1
1743365536.7147033,unauthorized_access,1
1743365536.7157974,login_failure,0
1743365536.7168822,login_failure,0
1743365536.7179532,unauthorized_access,1
1743365536.719027,login_failure,0
1743365536.720088,login_failure,0
1743365536.72115,file_modified,1
1743365536.7222328,file_modified,1
1743365536.7232993,file_modified,1
1743365536.7243297,unauthorized_access,1
1743365536.7253706,login_failure,0
1743365536.7264411,file_modified,1
1743365536.727498,login_failure,0
1743365536.7285812,file_modified,1
1743365536.729652,file_modified,1
1743365536.7307296,unauthorized_access,1
1743365536.7318215,unauthorized_access,1
1743365536.7330756,file_modified,1
1743365536.734195,login_failure,0
1743365536.7353265,file_modified,1
1743365536.7364285,unauthorized_access,1
1743365536.7375362,file_modified,1
1743365536.7386644,unauthorized_access,1
1743365536.7397678,login_failure,0
1743365536.74128,unauthorized_access,1
1743365536.7426724,login_failure,0
1743365536.7437677,login_failure,0
1743365536.744875,login_failure,0
1743365536.7460036,file_modified,1
1743365536.7470925,file_modified,1
1743365536.7481835,file_modified,1
1743365536.7492898,login_failure,0
1743365536.7503903,unauthorized_access,1
1743365536.7515051,unauthorized_access,1
1743365536.7526157,file_modified,1
1743365536.7536962,unauthorized_access,1
1743365536.7547753,login_failure,0
1743365536.7558482,unauthorized_access,1
1743365536.756923,login_failure,0
1743365536.7579978,file_modified,1
1743365536.75907,file_modified,1
1743365536.7602675,unauthorized_access,1
1743365536.7614002,unauthorized_access,1
1743365536.7625213,unauthorized_access,1
1743365536.76364,login_failure,0
1743365536.764733,login_failure,0
1743365536.7658124,unauthorized_access,1
1743365536.7668622,unauthorized_access,1
1743365536.7679079,file_modified,1
1743365536.7689846,unauthorized_access,1
1743365536.7700045,file_modified,1
1743365536.7710443,login_failure,0
1743365536.7721157,login_failure,0
1743365536.7731862,file_modified,1
1743365536.774218,unauthorized_access,1
1743365536.7752504,unauthorized_access,1
1743365536.7763178,file_modified,1
1743365536.7774024,file_modified,1
1743365536.7784562,unauthorized_access,1
1743365536.7796097,login_failure,0
1743365536.7807047,login_failure,0
1743365536.7818816,file_modified,1
1743365536.7829213,file_modified,1
1743365536.7839596,file_modified,1
1743365536.7849932,file_modified,1
1743365536.786035,unauthorized_access,1
1743365536.7870722,unauthorized_access,1
1743365536.788129,file_modified,1
1743365536.7891822,file_modified,1
1743365536.7902281,unauthorized_access,1
1743365536.7912855,unauthorized_access,1
1743365536.79233,login_failure,0
1743365536.793436,file_modified,1
1743365536.7945256,login_failure,0
1743365536.7956426,login_failure,0
1743365536.796722,unauthorized_access,1
1743365536.7977967,login_failure,0
1743365536.7989948,unauthorized_access,1
1743365536.8000724,file_modified,1
1743365536.801131,file_modified,1
1743365536.8022513,file_modified,1
1743365536.8032978,login_failure,0
1743365536.8043363,login_failure,0
1743365536.8053799,unauthorized_access,1
1743365536.8065028,file_modified,1
1743365536.807574,file_modified,1
1743365536.808661,login_failure,0
1743365536.809722,login_failure,0
1743365536.810821,unauthorized_access,1
1743365536.811897,login_failure,0
1743365536.8129334,file_modified,1
1743365536.8140023,unauthorized_access,1
1743365536.8150666,unauthorized_access,1
1743365536.8161511,unauthorized_access,1
1743365536.8172271,login_failure,0
1743365536.818278,login_failure,0
1743365536.8193197,file_modified,1
1743365536.820375,file_modified,1
1743365536.8215055,file_modified,1
1743365536.8226037,file_modified,1
1743365536.8236592,login_failure,0
1743365536.8247252,file_modified,1
1743365536.8258066,login_failure,0
1743365536.8268602,login_failure,0
1743365536.827906,login_failure,0
1743365536.828964,file_modified,1
1743365536.8300257,login_failure,0
1743365536.8311114,unauthorized_access,1
1743365536.8321762,unauthorized_access,1
1743365536.8332372,file_modified,1
1743365536.8343546,login_failure,0
1743365536.8354602,unauthorized_access,1
1743365536.8365552,unauthorized_access,1
1743365536.8376145,unauthorized_access,1
1743365536.8386838,unauthorized_access,1
1743365536.8397481,login_failure,0
1743365536.8408341,login_failure,0
1743365536.8419297,unauthorized_access,1
1743365536.8430057,file_modified,1
1743365536.8441052,login_failure,0
1743365536.8451526,login_failure,0
1743365536.846199,file_modified,1
1743365536.8472354,file_modified,1
1743365536.848281,login_failure,0
1743365536.8493319,file_modified,1
1743365536.8504126,login_failure,0
1743365536.8514962,file_modified,1
1743365536.8525474,file_modified,1
1743365536.8535984,login_failure,0
1743365536.8546698,file_modified,1
1743365536.8558147,login_failure,0
1743365536.8569076,unauthorized_access,1
1743365536.8579319,login_failure,0
1743365536.8589873,unauthorized_access,1
1743365536.8600552,file_modified,1
1743365536.8611033,login_failure,0
1743365536.8621755,unauthorized_access,1
1743365536.8632572,unauthorized_access,1
1743365536.864331,unauthorized_access,1
1743365536.8654537,unauthorized_access,1
1743365536.866628,unauthorized_access,1
1743365536.8677232,file_modified,1
1743365536.8688273,file_modified,1
1743365536.8698757,login_failure,0
1743365536.8709185,login_failure,0
1743365536.8719673,unauthorized_access,1
1743365536.8730233,login_failure,0
1743365536.874073,unauthorized_access,1
1743365536.87517,login_failure,0
1743365536.8762107,unauthorized_access,1
1743365536.8772604,file_modified,1
1743365536.8782947,file_modified,1
1743365536.8793426,login_failure,0
1743365536.8804147,unauthorized_access,1
1743365536.8814456,login_failure,0
1743365536.882518,login_failure,0
1743365536.8835669,unauthorized_access,1
1743365536.8846188,unauthorized_access,1
1743365536.8856647,file_modified,1
1743365536.886715,file_modified,1
1743365536.8877633,login_failure,0
1743365536.8888116,unauthorized_access,1
1743365536.8900032,file_modified,1
1743365536.8911862,unauthorized_access,1
1743365536.8923755,login_failure,0
1743365536.8935473,file_modified,1
1743365536.8946567,file_modified,1
1743365536.8957949,unauthorized_access,1
1743365536.896965,login_failure,0
1743365536.8980563,unauthorized_access,1
1743365536.8991797,file_modified,1
1743365536.9002945,file_modified,1
1743365536.901439,unauthorized_access,1
1743365536.9025514,file_modified,1
1743365536.9036632,login_failure,0
1743365536.9047787,unauthorized_access,1
1743365536.9058878,unauthorized_access,1
1743365536.9070332,unauthorized_access,1
1743365536.9082048,unauthorized_access,1
1743365536.9093058,login_failure,0
1743365536.9104083,file_modified,1
1743365536.911462,login_failure,0
1743365536.9125214,file_modified,1
1743365536.9135683,login_failure,0
1743365536.9146178,unauthorized_access,1
1743365536.9157374,file_modified,1
1743365536.916832,file_modified,1
1743365536.9179447,file_modified,1
1743365536.9192152,login_failure,0
1743365536.9203472,login_failure,0
1743365536.921459,login_failure,0
1743365536.9227128,login_failure,0
1743365536.9238026,unauthorized_access,1
1743365536.9248924,file_modified,1
1743365536.9259684,login_failure,0
1743365536.9270928,file_modified,1
1743365536.928351,login_failure,0
1743365536.9294448,unauthorized_access,1
1743365536.930547,login_failure,0
1743365536.931613,login_failure,0
1743365536.9327576,file_modified,1
1743365536.933937,file_modified,1
1743365536.935119,file_modified,1
1743365536.9362555,file_modified,1
1743365536.9373918,login_failure,0
1743365536.9385066,file_modified,1
1743365536.9396305,file_modified,1
1743365536.9419553,file_modified,1
1743365536.943038,unauthorized_access,1
1743365536.9441729,file_modified,1
1743365536.9453325,login_failure,0
1743365536.9465837,unauthorized_access,1
1743365536.9476936,file_modified,1
1743365536.9488149,unauthorized_access,1
1743365536.949926,unauthorized_access,1
1743365536.9510574,unauthorized_access,1
1743365536.95219,file_modified,1
1743365536.953287,unauthorized_access,1
1743365536.9544127,file_modified,1
1743365536.955505,file_modified,1
1743365536.9566014,unauthorized_access,1
1743365536.9577053,unauthorized_access,1
1743365536.9588058,login_failure,0
1743365536.95992,file_modified,1
1743365536.9610105,file_modified,1
1743365536.9621336,unauthorized_access,1
1743365536.9632225,login_failure,0
1743365536.9643195,login_failure,0
1743365536.9654107,file_modified,1
1743365536.9665346,unauthorized_access,1
1743365536.967603,login_failure,0
1743365536.9687216,file_modified,1
1743365536.969834,unauthorized_access,1
1743365536.9709325,login_failure,0
1743365536.9720702,unauthorized_access,1
1743365536.9731886,login_failure,0
1743365536.9742842,file_modified,1
1743365536.9754326,login_failure,0
1743365536.976618,unauthorized_access,1
1743365536.9777267,file_modified,1
1743365536.9789326,file_modified,1
1743365536.9801662,file_modified,1
1743365536.981261,login_failure,0
1743365536.9824517,file_modified,1
1743365536.9836318,file_modified,1
1743365536.9848084,login_failure,0
1743365536.985994,login_failure,0
1743365536.9871814,file_modified,1
1743365536.9884024,unauthorized_access,1
1743365536.989588,file_modified,1
1743365536.9906964,unauthorized_access,1
1743365536.9918392,unauthorized_access,1
1743365536.9929833,unauthorized_access,1
1743365536.9940507,unauthorized_access,1
1743365536.9952428,unauthorized_access,1
1743365536.9963446,unauthorized_access,1
1743365536.9975748,unauthorized_access,1
1743365536.9987106,unauthorized_access,1
1743365536.9998188,file_modified,1
1743365537.0009308,unauthorized_access,1
1743365537.0019948,login_failure,0
1743365537.0031571,file_modified,1
1743365537.0043235,login_failure,0
1743365537.005519,unauthorized_access,1
1743365537.0066872,file_modified,1
1743365537.007884,unauthorized_access,1
1743365537.0090652,unauthorized_access,1
1743365537.0102313,login_failure,0
1743365537.0113559,unauthorized_access,1
1743365537.012486,login_failure,0
1743365537.0135424,file_modified,1
1743365537.01459,unauthorized_access,1
1743365537.0156338,unauthorized_access,1
1743365537.0166903,unauthorized_access,1
1743365537.0177426,login_failure,0
1743365537.0188024,login_failure,0
1743365537.0198584,file_modified,1
1743365537.020981,unauthorized_access,1
1743365537.0220957,file_modified,1
1743365537.0231946,login_failure,0
1743365537.0242734,unauthorized_access,1
1743365537.0253904,login_failure,0
1743365537.0264566,file_modified,1
1743365537.0275118,file_modified,1
1743365537.0285776,login_failure,0
1743365537.0296102,login_failure,0
1743365537.030717,unauthorized_access,1
1743365537.0318093,login_failure,0
1743365537.032845,file_modified,1
1743365537.0339053,login_failure,0
1743365537.0349517,unauthorized_access,1
1743365537.0359976,file_modified,1
1743365537.0370438,file_modified,1
1743365537.0380986,file_modified,1
1743365537.0391245,login_failure,0
1743365537.0401812,file_modified,1
1743365537.0412364,login_failure,0
1743365537.0423,login_failure,0
1743365537.0433578,file_modified,1
1743365537.0444076,file_modified,1
1743365537.0454643,login_failure,0
1743365537.046517,unauthorized_access,1
1743365537.0475721,unauthorized_access,1
1743365537.0486224,login_failure,0
1743365537.0496743,unauthorized_access,1
1743365537.0507348,unauthorized_access,1
1743365537.0518541,file_modified,1
1743365537.0529149,unauthorized_access,1
1743365537.0539658,login_failure,0
1743365537.055022,file_modified,1
1743365537.0560768,login_failure,0
1743365537.057216,login_failure,0
1743365537.0583198,file_modified,1
1743365537.0594099,login_failure,0
1743365537.0604959,unauthorized_access,1
1743365537.061581,file_modified,1
1743365537.0626676,file_modified,1
1743365537.0637476,unauthorized_access,1
1743365537.0648243,login_failure,0
1743365537.0659482,unauthorized_access,1
1743365537.0670648,login_failure,0
1743365537.068188,login_failure,0
1743365537.069301,login_failure,0
1743365537.0704105,login_failure,0
1743365537.0715308,unauthorized_access,1
1743365537.0729492,unauthorized_access,1
1743365537.0740907,file_modified,1
1743365537.0752108,unauthorized_access,1
1743365537.0762954,file_modified,1
1743365537.0774148,login_failure,0
1743365537.0785637,login_failure,0
1743365537.0796523,unauthorized_access,1
1743365537.080776,file_modified,1
1743365537.081852,file_modified,1
1743365537.0829234,file_modified,1
1743365537.0839992,file_modified,1
1743365537.0850754,login_failure,0
1743365537.0862541,file_modified,1
1743365537.0874128,login_failure,0
1743365537.0885324,unauthorized_access,1
1743365537.0897198,unauthorized_access,1
1743365537.0907924,unauthorized_access,1
1743365537.0919628,file_modified,1
1743365537.0930598,unauthorized_access,1
1743365537.0942225,login_failure,0
1743365537.095317,file_modified,1
1743365537.096396,login_failure,0
1743365537.097462,login_failure,0
1743365537.098605,login_failure,0
1743365537.0997,unauthorized_access,1
1743365537.1008239,file_modified,1
1743365537.1019685,login_failure,0
1743365537.1031358,login_failure,0
1743365537.1043093,file_modified,1
1743365537.1054833,unauthorized_access,1
1743365537.1066637,login_failure,0
1743365537.1079063,unauthorized_access,1
1743365537.1089785,file_modified,1
1743365537.1100442,file_modified,1
1743365537.1110892,file_modified,1
1743365537.1121497,unauthorized_access,1
1743365537.1132076,login_failure,0
1743365537.1143968,unauthorized_access,1
1743365537.1155348,unauthorized_access,1
1743365537.1166618,login_failure,0
1743365537.1178498,unauthorized_access,1
1743365537.1190822,file_modified,1
1743365537.1201534,unauthorized_access,1
1743365537.1212149,unauthorized_access,1
1743365537.1222816,login_failure,0
1743365537.1234722,file_modified,1
1743365537.1246548,unauthorized_access,1
1743365537.1258526,unauthorized_access,1
1743365537.1270313,login_failure,0
1743365537.1282063,login_failure,0
1743365537.1292908,login_failure,0
1743365537.130407,login_failure,0
1743365537.1316123,unauthorized_access,1
1743365537.1327093,login_failure,0
1743365537.133881,login_failure,0
1743365537.1350636,file_modified,1
1743365537.1362495,unauthorized_access,1
1743365537.1374424,unauthorized_access,1
1743365537.1387105,unauthorized_access,1
1743365537.139904,login_failure,0
1743365537.1410842,file_modified,1
1743365537.1423595,unauthorized_access,1
1743365537.1434658,file_modified,1
1743365537.1446247,unauthorized_access,1
1743365537.1459346,file_modified,1
1743365537.1470277,file_modified,1
1743365537.1482217,unauthorized_access,1
1743365537.1493936,file_modified,1
1743365537.15056,login_failure,0
1743365537.1516356,file_modified,1
1743365537.1528537,login_failure,0
1743365537.1540253,login_failure,0
1743365537.155274,file_modified,1
1743365537.156459,file_modified,1
1743365537.1576614,unauthorized_access,1
1743365537.1588588,login_failure,0
1743365537.1600468,login_failure,0
1743365537.1611552,login_failure,0
1743365537.1622357,login_failure,0
1743365537.1633077,unauthorized_access,1
1743365537.1643853,file_modified,1
1743365537.1655116,file_modified,1
1743365537.166604,file_modified,1
1743365537.1676722,login_failure,0
1743365537.1687465,login_failure,0
1743365537.1698298,login_failure,0
1743365537.1708972,login_failure,0
1743365537.1719651,file_modified,1
1743365537.173029,unauthorized_access,1
1743365537.1741,unauthorized_access,1
1743365537.1752863,unauthorized_access,1
1743365537.1765175,unauthorized_access,1
1743365537.1776187,file_modified,1
1743365537.1787639,file_modified,1
1743365537.1798608,file_modified,1
1743365537.1810362,login_failure,0
1743365537.1821792,unauthorized_access,1
1743365537.1832707,login_failure,0
1743365537.185353,unauthorized_access,1
1743365537.1865277,file_modified,1
1743365537.187715,login_failure,0
1743365537.1890156,file_modified,1
1743365537.190081,login_failure,0
1743365537.1911883,unauthorized_access,1
1743365537.1923704,login_failure,0
1743365537.1935675,login_failure,0
1743365537.1947522,login_failure,0
1743365537.1959279,login_failure,0
1743365537.1970983,login_failure,0
1743365537.1982865,file_modified,1
1743365537.1994438,unauthorized_access,1
1743365537.200582,login_failure,0
1743365537.2017083,file_modified,1
1743365537.2029083,file_modified,1
1743365537.204076,unauthorized_access,1
1743365537.2052753,login_failure,0
1743365537.206506,file_modified,1
1743365537.207634,unauthorized_access,1
1743365537.2087278,file_modified,1
1743365537.209814,file_modified,1
1743365537.2109256,login_failure,0
1743365537.2121203,file_modified,1
1743365537.2132914,file_modified,1
1743365537.2144635,file_modified,1
1743365537.215583,file_modified,1
1743365537.2167401,file_modified,1
1743365537.2178607,login_failure,0
1743365537.2189415,login_failure,0
1743365537.220024,unauthorized_access,1
1743365537.2210681,login_failure,0
1743365537.2221603,unauthorized_access,1
1743365537.2233298,login_failure,0
1743365537.2245066,login_failure,0
1743365537.2256417,login_failure,0
1743365537.2267387,unauthorized_access,1
1743365537.2278984,file_modified,1
1743365537.2290597,file_modified,1
1743365537.2302303,unauthorized_access,1
1743365537.231423,login_failure,0
1743365537.2325923,unauthorized_access,1
1743365537.2337315,unauthorized_access,1
1743365537.2348425,file_modified,1
1743365537.2359767,unauthorized_access,1
1743365537.237056,login_failure,0
1743365537.2381275,unauthorized_access,1
1743365537.2392116,login_failure,0
1743365537.240282,file_modified,1
1743365537.2413614,unauthorized_access,1
1743365537.2424564,file_modified,1
1743365537.2435346,file_modified,1
1743365537.2451208,unauthorized_access,1
1743365537.2462227,login_failure,0
1743365537.2473707,login_failure,0
1743365537.2485685,unauthorized_access,1
1743365537.2496896,login_failure,0
1743365537.250883,file_modified,1
1743365537.2519531,file_modified,1
1743365537.2530115,file_modified,1
1743365537.2541783,login_failure,0
1743365537.2552788,unauthorized_access,1
1743365537.2563295,file_modified,1
1743365537.2573912,file_modified,1
1743365537.2584283,file_modified,1
1743365537.2594724,unauthorized_access,1
1743365537.2605128,unauthorized_access,1
1743365537.2615805,file_modified,1
1743365537.262673,unauthorized_access,1
1743365537.2637305,login_failure,0
1743365537.2647824,unauthorized_access,1
1743365537.265886,unauthorized_access,1
1743365537.2669392,file_modified,1
1743365537.2679973,unauthorized_access,1
1743365537.2690468,login_failure,0
1743365537.270094,file_modified,1
1743365537.2711844,unauthorized_access,1
1743365537.2722409,file_modified,1
1743365537.2733133,unauthorized_access,1
1743365537.2744164,unauthorized_access,1
1743365537.2754822,unauthorized_access,1
1743365537.2765317,file_modified,1
1743365537.2775822,file_modified,1
1743365537.2786236,login_failure,0
1743365537.2797341,unauthorized_access,1
1743365537.2807527,login_failure,0
1743365537.281825,unauthorized_access,1
1743365537.2828803,file_modified,1
1743365537.2839165,unauthorized_access,1
1743365537.2849655,file_modified,1
1743365537.2860067,file_modified,1
1743365537.287082,file_modified,1
1743365537.288128,file_modified,1
1743365537.289228,login_failure,0
1743365537.290294,login_failure,0
1743365537.2913823,file_modified,1
1743365537.2924564,file_modified,1
1743365537.2934895,login_failure,0
1743365537.2945547,unauthorized_access,1
1743365537.2956073,login_failure,0
1743365537.2966547,login_failure,0
1743365537.297768,login_failure,0
1743365537.2988348,file_modified,1
1743365537.2999136,file_modified,1
1743365537.3009992,login_failure,0
1743365537.302111,login_failure,0
1743365537.3031666,file_modified,1
1743365537.3042276,unauthorized_access,1
1743365537.305296,login_failure,0
1743365537.3063502,file_modified,1
1743365537.3074028,file_modified,1
1743365537.3084326,file_modified,1
1743365537.3095272,unauthorized_access,1
1743365537.3107374,unauthorized_access,1
1743365537.311792,unauthorized_access,1
1743365537.312832,unauthorized_access,1
1743365537.3138776,login_failure,0
1743365537.3149397,login_failure,0
1743365537.315979,file_modified,1
1743365537.3170242,file_modified,1
1743365537.31807,file_modified,1
1743365537.3191187,file_modified,1
1743365537.3201678,unauthorized_access,1
1743365537.3212147,login_failure,0
1743365537.3222713,file_modified,1
1743365537.3233204,login_failure,0
1743365537.3244488,login_failure,0
1743365537.3255208,file_modified,1
1743365537.3266292,file_modified,1
1743365537.3276885,login_failure,0
1743365537.3287613,file_modified,1
1743365537.3298614,file_modified,1
1743365537.3309107,unauthorized_access,1
1743365537.3319814,file_modified,1
1743365537.333034,file_modified,1
1743365537.3340864,file_modified,1
1743365537.3351326,login_failure,0
1743365537.3362262,unauthorized_access,1
1743365537.337309,login_failure,0
1743365537.338398,login_failure,0
1743365537.3395176,login_failure,0
1743365537.3406284,login_failure,0
1743365537.3417385,login_failure,0
1743365537.3428001,file_modified,1
1743365537.3438587,login_failure,0
1743365537.3449137,login_failure,0
1743365537.3460135,login_failure,0
1743365537.3473585,file_modified,1
1743365537.3484108,file_modified,1
1743365537.3494897,file_modified,1
1743365537.350546,file_modified,1
1743365537.3515952,unauthorized_access,1
1743365537.3526804,login_failure,0
1743365537.353778,unauthorized_access,1
1743365537.3548422,login_failure,0
1743365537.355893,file_modified,1
1743365537.3569353,login_failure,0
1743365537.3579857,unauthorized_access,1
1743365537.3590403,file_modified,1
1743365537.360091,file_modified,1
1743365537.361115,login_failure,0
1743365537.3622098,unauthorized_access,1
1743365537.3632643,login_failure,0
1743365537.3643088,unauthorized_access,1
1743365537.3653362,file_modified,1
1743365537.3664093,file_modified,1
1743365537.3674855,unauthorized_access,1
1743365537.3685625,login_failure,0
1743365537.3696468,unauthorized_access,1
1743365537.3707106,unauthorized_access,1
1743365537.3717697,login_failure,0
1743365537.3728569,file_modified,1
1743365537.373938,login_failure,0
1743365537.3752735,unauthorized_access,1
1743365537.3763597,login_failure,0
1743365537.3774717,unauthorized_access,1
1743365537.3785808,unauthorized_access,1
1743365537.3796914,unauthorized_access,1
1743365537.380754,file_modified,1
1743365537.3818083,file_modified,1
1743365537.3828368,login_failure,0
1743365537.38391,file_modified,1
1743365537.3849647,login_failure,0
1743365537.3861237,file_modified,1
1743365537.3871794,unauthorized_access,1
1743365537.3882096,login_failure,0
1743365537.3892422,file_modified,1
1743365537.3902855,file_modified,1
1743365537.3913262,file_modified,1
1743365537.3923798,file_modified,1
1743365537.3934476,unauthorized_access,1
1743365537.394567,login_failure,0
1743365537.3956263,login_failure,0
1743365537.3967144,unauthorized_access,1
1743365537.3977659,file_modified,1
1743365537.3988476,unauthorized_access,1
1743365537.3999338,login_failure,0
1743365537.4010468,unauthorized_access,1
1743365537.4021575,login_failure,0
1743365537.4034204,file_modified,1
1743365537.4045355,file_modified,1
1743365537.4055932,unauthorized_access,1
1743365537.4066439,login_failure,0
1743365537.4076967,file_modified,1
1743365537.4087431,file_modified,1
1743365537.409812,login_failure,0
1743365537.4108644,login_failure,0
1743365537.4118948,login_failure,0
1743365537.41299,login_failure,0
1743365537.4140785,login_failure,0
1743365537.4151385,unauthorized_access,1
1743365537.4161859,login_failure,0
1743365537.4172297,unauthorized_access,1
1743365537.41832,file_modified,1
1743365537.4194458,login_failure,0
1743365537.420507,unauthorized_access,1
1743365537.4215577,file_modified,1
1743365537.4226155,unauthorized_access,1
1743365537.4243796,login_failure,0
1743365537.425449,file_modified,1
1743365537.426605,login_failure,0
1743365537.4277244,file_modified,1
1743365537.4287968,login_failure,0
1743365537.429954,unauthorized_access,1
1743365537.4311318,file_modified,1
1743365537.4322722,file_modified,1
1743365537.433324,login_failure,0
1743365537.43436,unauthorized_access,1
1743365537.435409,file_modified,1
1743365537.4364378,file_modified,1
1743365537.4375358,unauthorized_access,1
1743365537.438691,unauthorized_access,1
1743365537.439802,unauthorized_access,1
1743365537.4411623,unauthorized_access,1
1743365537.4422727,file_modified,1
1743365537.443376,unauthorized_access,1
1743365537.4444518,file_modified,1
1743365537.44552,unauthorized_access,1
1743365537.4466088,login_failure,0
1743365537.44772,file_modified,1
1743365537.4487813,unauthorized_access,1
1743365537.4499981,file_modified,1
1743365537.4510858,unauthorized_access,1
1743365537.4521694,unauthorized_access,1
1743365537.4532664,login_failure,0
1743365537.4543095,unauthorized_access,1
1743365537.4553487,login_failure,0
1743365537.4563842,file_modified,1
1743365537.4574568,file_modified,1
1743365537.4584816,login_failure,0
1743365537.4595203,file_modified,1
1743365537.4605975,file_modified,1
1743365537.461698,file_modified,1
1743365537.4627867,unauthorized_access,1
1743365537.463856,login_failure,0
1743365537.4649117,login_failure,0
1743365537.4659722,login_failure,0
1743365537.467028,login_failure,0
1743365537.4681294,login_failure,0
1743365537.4692516,file_modified,1
1743365537.470357,login_failure,0
1743365537.4714117,file_modified,1
1743365537.4724805,file_modified,1
1743365537.4735537,login_failure,0
1743365537.4746196,login_failure,0
1743365537.4756718,unauthorized_access,1
1743365537.47676,unauthorized_access,1
1743365537.477816,file_modified,1
1743365537.4789095,file_modified,1
1743365537.4800165,file_modified,1
1743365537.4810605,unauthorized_access,1
1743365537.4822278,file_modified,1
1743365537.4833078,unauthorized_access,1
1743365537.4843502,unauthorized_access,1
1743365537.4854155,login_failure,0
1743365537.4864964,file_modified,1
1743365537.4875784,unauthorized_access,1
1743365537.4887283,file_modified,1
1743365537.4898365,file_modified,1
1743365537.4910414,file_modified,1
1743365537.4922357,unauthorized_access,1
1743365537.4932983,login_failure,0
1743365537.4943507,file_modified,1
1743365537.4953983,unauthorized_access,1
1743365537.4964314,file_modified,1
1743365537.4974658,login_failure,0
1743365537.49851,login_failure,0
1743365537.4995468,file_modified,1
1743365537.5005653,login_failure,0
1743365537.5015898,unauthorized_access,1
1743365537.5026314,login_failure,0
1743365537.5037274,unauthorized_access,1
1743365537.5048032,unauthorized_access,1
1743365537.505864,file_modified,1
1743365537.5069287,file_modified,1
1743365537.508053,file_modified,1
1743365537.509121,login_failure,0
1743365537.510245,login_failure,0
1743365537.5113313,file_modified,1
1743365537.5124285,file_modified,1
1743365537.5135212,unauthorized_access,1
1743365537.5146143,unauthorized_access,1
1743365537.5156784,login_failure,0
1743365537.5167677,file_modified,1
1743365537.5178666,file_modified,1
1743365537.5189662,unauthorized_access,1
1743365537.5201604,login_failure,0
1743365537.521327,login_failure,0
1743365537.5225074,file_modified,1
1743365537.5237393,login_failure,0
1743365537.5248108,file_modified,1
1743365537.525989,file_modified,1
1743365537.527154,file_modified,1
1743365537.528325,unauthorized_access,1
1743365537.5294983,unauthorized_access,1
1743365537.5306149,login_failure,0
1743365537.5317137,file_modified,1
1743365537.5328276,login_failure,0
1743365537.5338838,unauthorized_access,1
1743365537.534942,file_modified,1
1743365537.5360947,login_failure,0
1743365537.5372956,login_failure,0
1743365537.538436,file_modified,1
1743365537.5396328,unauthorized_access,1
1743365537.5406878,file_modified,1
1743365537.541735,file_modified,1
1743365537.5428383,unauthorized_access,1
1743365537.5440245,login_failure,0
1743365537.5451941,file_modified,1
1743365537.5463812,login_failure,0
1743365537.547544,unauthorized_access,1
1743365537.5486205,login_failure,0
1743365537.5496912,login_failure,0
1743365537.5507433,unauthorized_access,1
1743365537.5518067,login_failure,0
1743365537.5528686,unauthorized_access,1
1743365537.5539665,file_modified,1
1743365537.5550108,file_modified,1
1743365537.556113,file_modified,1
1743365537.5571704,login_failure,0
1743365537.558217,file_modified,1
1743365537.5592945,unauthorized_access,1
1743365537.560416,login_failure,0
1743365537.5614815,login_failure,0
1743365537.562565,unauthorized_access,1
1743365537.5636237,file_modified,1
1743365537.564729,login_failure,0
1743365537.5658977,login_failure,0
1743365537.5669825,file_modified,1
1743365537.5681581,login_failure,0
1743365537.5693872,login_failure,0
1743365537.5705783,login_failure,0
1743365537.5716808,unauthorized_access,1
1743365537.5727344,file_modified,1
1743365537.5737948,unauthorized_access,1
1743365537.5748537,unauthorized_access,1
1743365537.575895,unauthorized_access,1
1743365537.576957,file_modified,1
1743365537.5780084,unauthorized_access,1
1743365537.5790892,file_modified,1
1743365537.5802948,unauthorized_access,1
1743365537.5813887,login_failure,0
1743365537.5824602,login_failure,0
1743365537.5835156,unauthorized_access,1
1743365537.5845544,unauthorized_access,1
1743365537.5856025,file_modified,1
1743365537.5866952,login_failure,0
1743365537.5878644,login_failure,0
1743365537.5889413,unauthorized_access,1
1743365537.5900753,unauthorized_access,1
1743365537.591201,unauthorized_access,1
1743365537.5922887,unauthorized_access,1
1743365537.5933363,unauthorized_access,1
1743365537.594368,file_modified,1
1743365537.5954704,unauthorized_access,1
1743365537.5965312,file_modified,1
1743365537.597579,unauthorized_access,1
1743365537.5990095,login_failure,0
1743365537.6000922,login_failure,0
1743365537.6011527,unauthorized_access,1
1743365537.6022043,login_failure,0
1743365537.6032538,login_failure,0
1743365537.604299,login_failure,0
1743365537.6053445,login_failure,0
1743365537.6064458,file_modified,1
1743365537.6075068,unauthorized_access,1
1743365537.6085904,login_failure,0
1743365537.6096675,file_modified,1
1743365537.6107428,unauthorized_access,1
1743365537.611817,login_failure,0
1743365537.61289,file_modified,1
1743365537.6139429,login_failure,0
1743365537.6150024,login_failure,0
1743365537.6160688,file_modified,1
1743365537.617201,login_failure,0
1743365537.618294,file_modified,1
1743365537.6193402,file_modified,1
1743365537.62056,login_failure,0
1743365537.6217878,unauthorized_access,1
1743365537.6229048,login_failure,0
1743365537.6239896,login_failure,0
1743365537.6250644,login_failure,0
1743365537.6261399,file_modified,1
1743365537.6272237,login_failure,0
1743365537.6283517,unauthorized_access,1
1743365537.6294334,login_failure,0
1743365537.630537,file_modified,1
1743365537.631641,unauthorized_access,1
1743365537.6327238,login_failure,0
1743365537.6337714,file_modified,1
1743365537.6348114,file_modified,1
1743365537.6362772,file_modified,1
1743365537.637343,login_failure,0
1743365537.6384058,file_modified,1
1743365537.6394682,login_failure,0
1743365537.6407173,unauthorized_access,1
1743365537.6420245,unauthorized_access,1
1743365537.6432927,login_failure,0
1743365537.64471,file_modified,1
1743365537.6459289,file_modified,1
1743365537.647232,file_modified,1
1743365537.6485124,file_modified,1
1743365537.649811,unauthorized_access,1
1743365537.6510823,unauthorized_access,1
1743365537.6522944,login_failure,0
1743365537.6535769,unauthorized_access,1
1743365537.6546853,login_failure,0
1743365537.6559632,file_modified,1
1743365537.6572514,file_modified,1
1743365537.658537,login_failure,0
1743365537.659824,login_failure,0
1743365537.6611125,login_failure,0
1743365537.662398,unauthorized_access,1
1743365537.6636267,unauthorized_access,1
1743365537.6647477,login_failure,0
1743365537.6658962,unauthorized_access,1
1743365537.6679437,login_failure,0
1743365537.6692367,file_modified,1
1743365537.6704147,unauthorized_access,1
1743365537.6717727,login_failure,0
1743365537.6729085,unauthorized_access,1
1743365537.6740236,login_failure,0
1743365537.6752632,login_failure,0
1743365537.6765397,login_failure,0
1743365537.677846,file_modified,1
1743365537.6790233,unauthorized_access,1
1743365537.6807246,login_failure,0
1743365537.6819034,file_modified,1
1743365537.6832042,login_failure,0
1743365537.6843166,unauthorized_access,1
1743365537.6855454,login_failure,0
1743365537.686736,file_modified,1
1743365537.6880822,unauthorized_access,1
1743365537.6893315,unauthorized_access,1
1743365537.690534,file_modified,1
1743365537.6916847,file_modified,1
1743365537.6928773,file_modified,1
1743365537.6941607,login_failure,0
1743365537.6952956,file_modified,1
1743365537.696565,unauthorized_access,1
1743365537.6978524,login_failure,0
1743365537.6991372,unauthorized_access,1
1743365537.700355,unauthorized_access,1
1743365537.7016928,file_modified,1
1743365537.7029748,login_failure,0
1743365537.70427,file_modified,1
1743365537.7055595,file_modified,1
1743365537.706851,file_modified,1
1743365537.708127,unauthorized_access,1
1743365537.7094111,unauthorized_access,1
1743365537.710979,file_modified,1
1743365537.7123477,login_failure,0
1743365537.7136128,login_failure,0
1743365537.7149556,unauthorized_access,1
1743365537.7161345,login_failure,0
1743365537.717467,unauthorized_access,1
1743365537.7187433,file_modified,1
1743365537.7200143,file_modified,1
1743365537.7213295,unauthorized_access,1
1743365537.7226226,login_failure,0
1743365537.723907,file_modified,1
1743365537.7251117,file_modified,1
1743365537.7264118,unauthorized_access,1
1743365537.7277324,login_failure,0
1743365537.7295232,unauthorized_access,1
1743365537.7308238,unauthorized_access,1
1743365537.7321277,login_failure,0
1743365537.7333355,unauthorized_access,1
1743365537.7345328,file_modified,1
1743365537.735825,unauthorized_access,1
1743365537.7371051,file_modified,1
1743365537.738493,file_modified,1
1743365537.7399094,login_failure,0
1743365537.7411356,login_failure,0
1743365537.742329,file_modified,1
1743365537.743495,file_modified,1
1743365537.7447917,login_failure,0
1743365537.7460694,file_modified,1
1743365537.7474403,file_modified,1
1743365537.7485735,login_failure,0
1743365537.7499456,unauthorized_access,1
1743365537.751241,unauthorized_access,1
1743365537.7525492,file_modified,1
1743365537.7537441,file_modified,1
1743365537.7549744,file_modified,1
1743365537.7560754,login_failure,0
1743365537.7572985,login_failure,0
1743365537.758593,login_failure,0
1743365537.759721,unauthorized_access,1
1743365537.7608225,unauthorized_access,1
1743365537.7620525,file_modified,1
1743365537.7631693,file_modified,1
1743365537.7642784,login_failure,0
1743365537.765385,unauthorized_access,1
1743365537.7666059,file_modified,1
1743365537.767742,file_modified,1
1743365537.7688384,file_modified,1
1743365537.769929,login_failure,0
1743365537.7710211,file_modified,1
1743365537.7721236,login_failure,0
1743365537.7732265,file_modified,1
1743365537.774343,unauthorized_access,1
1743365537.7754421,file_modified,1
1743365537.7767348,login_failure,0
1743365537.777831,login_failure,0
1743365537.7789276,file_modified,1
1743365537.7800236,login_failure,0
1743365537.7811337,login_failure,0
1743365537.782375,login_failure,0
1743365537.7836,file_modified,1
1743365537.7852662,unauthorized_access,1
1743365537.786488,file_modified,1
1743365537.7876606,file_modified,1
1743365537.7887616,file_modified,1
1743365537.7899349,file_modified,1
1743365537.7909946,file_modified,1
1743365537.7920732,login_failure,0
1743365537.7931507,login_failure,0
1743365537.7942684,unauthorized_access,1
1743365537.7953627,unauthorized_access,1
1743365537.796436,login_failure,0
1743365537.7974973,login_failure,0
1743365537.7985587,login_failure,0
1743365537.7996247,file_modified,1
1743365537.8006525,unauthorized_access,1
1743365537.8017886,file_modified,1
1743365537.8029106,file_modified,1
1743365537.8041046,login_failure,0
1743365537.8052526,login_failure,0
1743365537.8063834,file_modified,1
1743365537.8075502,file_modified,1
1743365537.8087018,unauthorized_access,1
1743365537.8098452,login_failure,0
1743365537.8110044,file_modified,1
1743365537.8121774,file_modified,1
1743365537.813349,file_modified,1
1743365537.8144877,login_failure,0
1743365537.8156824,file_modified,1
1743365537.8168614,unauthorized_access,1
1743365537.8180456,unauthorized_access,1
1743365537.8192203,file_modified,1
1743365537.820399,login_failure,0
1743365537.821623,unauthorized_access,1
1743365537.8227046,file_modified,1
1743365537.8238769,file_modified,1
1743365537.8249424,file_modified,1
